<?xml version="1.0" encoding="UTF-8"?>
<project-private xmlns="http://www.netbeans.org/ns/project-private/1">
    <editor-bookmarks xmlns="http://www.netbeans.org/ns/editor-bookmarks/2" lastBookmarkId="0"/>
    <open-files xmlns="http://www.netbeans.org/ns/projectui-open-files/2">
        <group>
            <file>file:/C:/Users/Sewwa/OneDrive/Documents/NetBeansProjects/BankingSystem/src/view/Transactions.java</file>
            <file>file:/C:/Users/Sewwa/OneDrive/Documents/NetBeansProjects/BankingSystem/src/view/AccountViewForm.java</file>
            <file>file:/C:/Users/Sewwa/OneDrive/Documents/NetBeansProjects/BankingSystem/src/model/AddAccount.java</file>
            <file>file:/C:/Users/Sewwa/OneDrive/Documents/NetBeansProjects/BankingSystem/src/view/Form1.java</file>
            <file>file:/C:/Users/Sewwa/OneDrive/Documents/NetBeansProjects/BankingSystem/src/view/UpdateAndSearchForm.java</file>
        </group>
    </open-files>
</project-private>
